<Ui xmlns="http://www.blizzard.com/wow/ui/" xmlns:xsi="http://www.w3.org/2001/XMLSchema-instance" xsi:schemaLocation="http://www.blizzard.com/wow/ui/
..\..\FrameXML\UI.xsd">

    <!-- Originally from Blizzard_AchievementUI.xml line 660 at time of writing -->
	<Button name="KrowiAF_AchievementCategoryButton_Template" virtual="true">
	 	<Size x="158" y="24"/>
		<Layers>
			<Layer level="BACKGROUND">
				<Texture name="$parentBackgroundLeft" file="Interface\AchievementFrame\UI-Achievement-Category-Background" parentKey="BackgroundLeft">
					<Size x="20" y="32"/>
					<Anchors>
						<Anchor point="TOPLEFT"/>
					</Anchors>
					<TexCoords left="0" right="0.078125" top="0" bottom="1"/>
				</Texture>
				<Texture name="$parentBackgroundRight" file="Interface\AchievementFrame\UI-Achievement-Category-Background" parentKey="BackgroundRight">
					<Size x="34" y="32"/>
					<Anchors>
						<Anchor point="TOPRIGHT"/>
					</Anchors>
					<TexCoords left="0.53125" right="0.6640625" top="0" bottom="1"/>
				</Texture>
				<Texture name="$parentBackgroundMid" file="Interface\AchievementFrame\UI-Achievement-Category-Background" parentKey="BackgroundMid">
					<Size y="32"/>
					<Anchors>
						<Anchor point="TOPLEFT" relativeKey="$parent.BackgroundLeft" relativePoint="TOPRIGHT"/>
						<Anchor point="TOPRIGHT" relativeKey="$parent.BackgroundRight" relativePoint="TOPLEFT"/>
					</Anchors>
					<TexCoords left="0.078125" right="0.53125" top="0" bottom="1"/>
				</Texture>
			</Layer>
			<Layer level="ARTWORK">
				<FontString name="$parentLabel" text="This is a Category" inherits="GameFontNormalLeftBottom" wordwrap="false" parentKey="label">
					<Anchors>
						<Anchor point="BOTTOMLEFT" x="16" y="4"/>
						<Anchor point="TOPRIGHT" x="-8" y="-4"/>
					</Anchors>
				</FontString>
			</Layer>
			<Layer level="HIGHLIGHT">
				<Texture name="$parentHighlightLeft" file="Interface\AchievementFrame\UI-Achievement-Category-Highlight" alphaMode="ADD" parentKey="HighlightLeft">
					<Size x="20" y="32"/>
					<Anchors>
						<Anchor point="TOPLEFT"/>
					</Anchors>
					<TexCoords left="0" right="0.078125" top="0" bottom="1"/>
				</Texture>
				<Texture name="$parentHighlightRight" file="Interface\AchievementFrame\UI-Achievement-Category-Highlight" alphaMode="ADD" parentKey="HighlightRight">
					<Size x="34" y="32"/>
					<Anchors>
						<Anchor point="TOPRIGHT"/>
					</Anchors>
					<TexCoords left="0.53125" right="0.6640625" top="0" bottom="1"/>
				</Texture>
				<Texture name="$parentHighlightMid" file="Interface\AchievementFrame\UI-Achievement-Category-Highlight" alphaMode="ADD" parentKey="HighlightMid">
					<Size y="32"/>
					<Anchors>
						<Anchor point="TOPLEFT" relativeKey="$parent.HighlightLeft" relativePoint="TOPRIGHT"/>
						<Anchor point="TOPRIGHT" relativeKey="$parent.HighlightRight" relativePoint="TOPLEFT"/>
					</Anchors>
					<TexCoords left="0.078125" right="0.53125" top="0" bottom="1"/>
				</Texture>
			</Layer>
		</Layers>
		<Scripts>
			<OnLoad>
                self:EnableMouse(true);
                self:EnableMouseWheel(true);
			</OnLoad>
			<!-- OnClick is set in code -->
			<OnEnter>
				if ( self.showTooltipFunc ) then
					self.showTooltipFunc(self);
				end
			</OnEnter>
			<OnLeave>
				GameTooltip:SetMinimumWidth(0, false);
				GameTooltip:Hide();
			</OnLeave>
		</Scripts>
	</Button>

    <!-- Originally from Blizzard_AchievementUI.xml line 772 at time of writing -->
	<Button name="KrowiAF_AchievementButton_Template" inherits="AchievementTemplate" virtual="true">
		<Scripts>
			<OnLoad inherit="prepend">
				AchievementButton_OnLoad(self);
			</OnLoad>
			<!-- OnClick is set in code -->
		</Scripts>
	</Button>

    <!-- Originally from Blizzard_AchievementUI.xml line 1779 at time of writing -->
	<Frame name="KrowiAF_CategoriesFrame_Template" inherits="AchivementGoldBorderBackdrop" virtual="true">
		<Anchors>
        	<Anchor point="TOPLEFT" relativeTo="AchievementFrameCategories"/>
        	<!-- <Anchor point="BOTTOM" relativeTo="AchievementFrameCategories"/> -->
        	<Anchor point="BOTTOM" y="20"/> <!-- relativeTo="AchievementFrame" -->
        </Anchors>
		<Scripts>
			<OnShow function="KrowiAF_CategoriesFrame_OnShow"/>
			<OnHide function="KrowiAF_CategoriesFrame_OnHide"/>
		</Scripts>
		<Frames>
			<ScrollFrame name="$parentContainer" parentKey="Container" inherits="HybridScrollFrameTemplate">
				<Anchors>
					<Anchor point="TOPLEFT" x="0" y="-5"/>
					<Anchor point="BOTTOMRIGHT" x="0" y="5"/>
				</Anchors>
				<Frames>
					<Slider name="$parentScrollBar" parentKey="ScrollBar" inherits="HybridScrollBarTemplate">
						<Anchors>
							<Anchor point="TOPLEFT" relativePoint="TOPRIGHT" x="1" y="-14"/>
							<Anchor point="BOTTOMLEFT" relativePoint="BOTTOMRIGHT" x="1" y="12"/>
						</Anchors>
					</Slider>
				</Frames>
			</ScrollFrame>
		</Frames>
	</Frame>

    <!-- Originally from Blizzard_AchievementUI.xml line 1806 at time of writing -->
	<Frame name="KrowiAF_AchievementsFrame_Template" virtual="true">
		<Anchors>
        	<Anchor point="TOPLEFT" relativeTo="AchievementFrameCategories" relativePoint="TOPRIGHT" x="22" y="0"/>
        	<!-- <Anchor point="BOTTOM" relativeTo="AchievementFrameCategories"/> -->
        	<Anchor point="BOTTOM" y="20"/> <!-- relativeTo="AchievementFrame" -->
        </Anchors>
		<Layers>
			<Layer level="BACKGROUND">
				<Texture name="$parentBackground" file="Interface\AchievementFrame\UI-Achievement-AchievementBackground">
					<Anchors>
						<Anchor point="TOPLEFT" x="3" y="-3"/>
						<Anchor point="BOTTOMRIGHT" x="-3" y="3"/>
					</Anchors>
					<TexCoords left="0" right="1" top="0" bottom="0.5"/>
				</Texture>
			</Layer>
			<Layer level="ARTWORK">
				<Texture>
					<Anchors>
						<Anchor point="TOPLEFT"/>
						<Anchor point="BOTTOMRIGHT"/>
					</Anchors>
					<Color r="0" g="0" b="0" a="0.75"/>
				</Texture>
			</Layer>
		</Layers>
		<Scripts>
        	<OnEvent function="KrowiAF_AchievementsFrame_OnEvent"/>
			<OnShow function="KrowiAF_AchievementsFrame_OnShow"/>
		</Scripts>
		<Frames>
			<ScrollFrame name="$parentContainer" parentKey="Container" inherits="HybridScrollFrameTemplate">
				<Anchors>
					<Anchor point="TOPLEFT" x="4" y="-3"/>
					<Anchor point="BOTTOMRIGHT" x="0" y="5"/>
				</Anchors>
				<Frames>
					<Slider name="$parentScrollBar" parentKey="ScrollBar" inherits="HybridScrollBarTemplate">
						<Anchors>
							<Anchor point="TOPLEFT" relativePoint="TOPRIGHT" x="1" y="-16"/>
							<Anchor point="BOTTOMLEFT" relativePoint="BOTTOMRIGHT" x="1" y="12"/>
						</Anchors>
					</Slider>
				</Frames>
			</ScrollFrame>
			<Frame setAllPoints="true" inherits="AchivementGoldBorderBackdrop"/>
		</Frames>
	</Frame>

    <!-- Originally from Blizzard_AchievementUI.xml line 14 at time of writing -->
	<Button name="KrowiAF_SearchPreviewButton_Template" virtual="true">
		<Size x="206" y="27"/>
		<Layers>
			<Layer level="OVERLAY" textureSubLevel="3">
				<Texture parentKey="SelectedTexture" atlas="search-highlight">
					<Anchors>
						<Anchor point="TOPLEFT"/>
						<Anchor point="BOTTOMRIGHT"/>
					</Anchors>
				</Texture>
			</Layer>
			<Layer level="OVERLAY" textureSubLevel="2">
				<Texture parentKey="iconFrame" atlas="search-iconframe-large">
					<Size x="21" y="21"/>
					<Anchors>
						<Anchor point="LEFT" x="5" y="1"/>
					</Anchors>
				</Texture>
			</Layer>
			<Layer level="OVERLAY">
				<Texture file="Interface\Icons\Ability_ThunderClap" parentKey="Icon">
					<Anchors>
						<Anchor point="TOPLEFT" relativeKey="$parent.iconFrame" x="1" y="-2"/>
						<Anchor point="BOTTOMRIGHT" relativeKey="$parent.iconFrame" x="-1" y="1"/>
					</Anchors>
				</Texture>
				<FontString inherits="GameFontNormalSmall" justifyH="LEFT" parentKey="Name" text="ACHIEVEMENT_NAME">
					<Size x="400" y="0"/>
					<Anchors>
						<Anchor point="LEFT" relativeKey="$parent.Icon" relativePoint="RIGHT" x="5" y="0"/>
						<Anchor point="RIGHT" x="-5" y="0"/>
					</Anchors>
					<Color r="0.96875" g="0.8984375" b="0.578125" a="1"/>
				</FontString>
			</Layer>
		</Layers>
		<NormalTexture atlas="_search-rowbg">
		</NormalTexture>
		<PushedTexture atlas="_search-rowbg">
		</PushedTexture>
		<Scripts>
			<OnShow function="AchievementSearchPreviewButton_OnShow"/> <!-- Yes, use Blizzard one -->
			<!-- OnEnter is set in code -->
			<!-- OnClick is set in code -->
		</Scripts>
	</Button>

    <!-- Originally from Blizzard_AchievementUI.xml line 2487 at time of writing -->
	<Frame name="KrowiAF_SearchPreviewsFrame_Template" virtual="true">
		<Size x="206" y="27"/>
		<Anchors>
			<Anchor point="TOPLEFT" relativeKey="$parent.searchBox" relativePoint="BOTTOMLEFT" x="-4" y="3"/> <!-- Achors to AchievementFrame.searchBox -->
		</Anchors>
		<Layers>
			<Layer level="BACKGROUND">
				<Texture parentKey="Background" atlas="_search-rowbg">
					<Anchors>
						<Anchor point="TOPLEFT"/>
						<Anchor point="BOTTOMRIGHT"/>
					</Anchors>
				</Texture>
			</Layer>
			<Layer level="OVERLAY">
				<Texture inherits="UI-Frame-BotCornerLeft" parentKey="BorderAnchor">
					<Anchors>
						<Anchor point="LEFT" x="-8" y="0"/>
						<Anchor point="BOTTOM" x="0" y="-5"/>
					</Anchors>
				</Texture>
				<Texture parentKey="botRightCorner" inherits="UI-Frame-BotCornerRight">
					<Anchors>
						<Anchor point="BOTTOM" relativeKey="$parent.BorderAnchor" x="0" y="0"/>
						<Anchor point="RIGHT" x="4" y="0"/>
					</Anchors>
				</Texture>
				<Texture parentKey="bottomBorder" inherits="_UI-Frame-Bot">
					<Anchors>
						<Anchor point="BOTTOMLEFT" relativeKey="$parent.BorderAnchor" relativePoint="BOTTOMRIGHT" y="0"/>
						<Anchor point="BOTTOMRIGHT" relativeKey="$parent.botRightCorner" relativePoint="BOTTOMLEFT" y="0"/>
					</Anchors>
				</Texture>
				<Texture parentKey="leftBorder" inherits="!UI-Frame-LeftTile">
					<Anchors>
						<Anchor point="TOP" x="0" y="1" />
						<Anchor point="BOTTOMLEFT" relativeKey="$parent.BorderAnchor" relativePoint="TOPLEFT"/>
					</Anchors>
				</Texture>
				<Texture parentKey="rightBorder" inherits="!UI-Frame-RightTile">
					<Anchors>
						<Anchor point="TOP" x="0" y="1" />
						<Anchor point="BOTTOMRIGHT" relativeKey="$parent.botRightCorner" relativePoint="TOPRIGHT" x="1" y="0"/>
					</Anchors>
				</Texture>
				<Texture parentKey="topBorder" inherits="_UI-Frame-Bot">
					<Anchors>
						<Anchor point="TOPLEFT" relativePoint="TOPLEFT" x="-2" y="3"/>
						<Anchor point="BOTTOMRIGHT" relativePoint="TOPRIGHT" x="2" y="-3"/>
					</Anchors>
				</Texture>
			</Layer>
		</Layers>
		<Frames>
			<Button parentKey="ShowFullSearchResultsButton">
				<Size x="275" y="24"/>
				<Layers>
					<Layer level="OVERLAY" textureSubLevel="2">
						<Texture parentKey="SelectedTexture" atlas="search-highlight">
							<Anchors>
								<Anchor point="TOPLEFT"/>
								<Anchor point="BOTTOMRIGHT"/>
							</Anchors>
						</Texture>
					</Layer>
					<Layer level="OVERLAY">
						<FontString parentKey="Text" inherits="GameFontNormal" justifyH="LEFT" text="SHOW_ALL_RESULTS">
							<Size x="0" y="0"/>
							<Anchors>
								<Anchor point="CENTER" x="0" y="0"/>
							</Anchors>
						</FontString>
					</Layer>
				</Layers>
				<NormalTexture atlas="_search-rowbg">
				</NormalTexture>
				<PushedTexture atlas="_search-rowbg">
				</PushedTexture>
				<Scripts>
					<OnShow>
						self:SetFrameLevel(self:GetParent():GetFrameLevel() + 10);
					</OnShow>
					<!-- OnEnter is set in code -->
					<!-- OnClick is set in code -->
				</Scripts>
			</Button>
		</Frames>
		<Scripts>
			<OnShow function="KrowiAF_SearchPreviewsFrame_OnShow"/>
		</Scripts>
	</Frame>

    <!-- Originally from Blizzard_AchievementUI.xml line 2683 at time of writing -->
	<Frame name="KrowiAF_FullSearchResults_Template" virtual="true">
		<Size x="600"/>
		<Anchors>
			<Anchor point="TOP" x="0" y="-112"/>
			<Anchor point="BOTTOM" x="0" y="7"/>
		</Anchors>
		<Layers>
			<Layer level="BACKGROUND">
				<Texture file="Interface\FrameGeneral\UI-Background-Rock" horizTile="true" vertTile="true">
					<Anchors>
						<Anchor point="TOPLEFT" x="0" y="0"/>
						<Anchor point="BOTTOMRIGHT" relativeKey="$parent.bottomRightCorner" x="0" y="8"/>
					</Anchors>
					<Color r="0.9" g="0.8" b="0.7" a="1"/>
				</Texture>
			</Layer>
			<Layer level="BORDER">
				<FontString inherits="GameFontNormal" text="" parentKey="titleText">
					<Anchors>
						<Anchor point="TOP" x="0" y="-7"/>
						<Anchor point="LEFT" x="60"/>
						<Anchor point="RIGHT" x="-60"/>
					</Anchors>
				</FontString>
				<Texture parentKey="topLeftCorner" inherits="UI-Frame-TopCornerLeft">
					<Anchors>
						<Anchor point="TOPLEFT" x="-7" y="4"/>
					</Anchors>
				</Texture>
				<Texture parentKey="topRightCorner" inherits="UI-Frame-TopCornerRightSimple">
					<Anchors>
						<Anchor point="TOPRIGHT" x="4" y="4"/>
					</Anchors>
				</Texture>
				<Texture parentKey="topBorder" inherits="_UI-Frame-Top">
					<Anchors>
						<Anchor point="TOPLEFT" relativeKey="$parent.topLeftCorner" relativePoint="TOPRIGHT" y="0"/>
						<Anchor point="TOPRIGHT" relativeKey="$parent.topRightCorner" relativePoint="TOPLEFT" y="0"/>
					</Anchors>
				</Texture>
				<Texture parentKey="bottomLeftCorner" inherits="UI-Frame-BotCornerLeft">
					<Anchors>
						<Anchor point="BOTTOMLEFT" x="-7" y="4"/>
					</Anchors>
				</Texture>
				<Texture parentKey="bottomRightCorner" inherits="UI-Frame-BotCornerRight">
					<Anchors>
						<Anchor point="BOTTOMRIGHT" x="4" y="4"/>
					</Anchors>
				</Texture>
				<Texture parentKey="bottomBorder" inherits="_UI-Frame-Bot">
					<Anchors>
						<Anchor point="BOTTOMLEFT" relativeKey="$parent.bottomLeftCorner" relativePoint="BOTTOMRIGHT" y="0"/>
						<Anchor point="BOTTOMRIGHT" relativeKey="$parent.bottomRightCorner" relativePoint="BOTTOMLEFT" y="0"/>
					</Anchors>
				</Texture>
				<Texture parentKey="leftBorder" inherits="!UI-Frame-LeftTile">
					<Anchors>
						<Anchor point="BOTTOMLEFT" relativeKey="$parent.bottomLeftCorner" relativePoint="TOPLEFT"/>
						<Anchor point="TOPLEFT" relativeKey="$parent.topLeftCorner" relativePoint="BOTTOMLEFT"/>
					</Anchors>
				</Texture>
				<Texture parentKey="rightBorder" inherits="!UI-Frame-RightTile">
					<Anchors>
						<Anchor point="BOTTOMRIGHT" relativeKey="$parent.bottomRightCorner" relativePoint="TOPRIGHT"/>
						<Anchor point="TOPRIGHT" relativeKey="$parent.topRightCorner" relativePoint="BOTTOMRIGHT" x="1" y="0"/>
					</Anchors>
				</Texture>
			</Layer>
			<Layer level="BORDER" textureSubLevel="-1">
				<Texture parentKey="topTileStreaks" inherits="_UI-Frame-TopTileStreaks">
					<Anchors>
						<Anchor point="TOPLEFT" x="0" y="0"/>
						<Anchor point="TOPRIGHT" x="0" y="0"/>
					</Anchors>
				</Texture>
			</Layer>
			<Layer level="BORDER" textureSubLevel="1">
				<Texture parentKey="topLeftCorner2" inherits="UI-Frame-TopCornerLeft">
					<Anchors>
						<Anchor point="TOPLEFT" x="-7" y="-20"/>
					</Anchors>
				</Texture>
				<Texture parentKey="topRightCorner2" inherits="UI-Frame-TopCornerRightSimple">
					<Anchors>
						<Anchor point="TOPRIGHT" x="4" y="-20"/>
					</Anchors>
				</Texture>
				<Texture parentKey="topBorder2" inherits="_UI-Frame-Top">
					<Anchors>
						<Anchor point="TOPLEFT" relativeKey="$parent.topLeftCorner2" relativePoint="TOPRIGHT" y="0"/>
						<Anchor point="TOPRIGHT" relativeKey="$parent.topRightCorner2" relativePoint="TOPLEFT" y="0"/>
					</Anchors>
				</Texture>
			</Layer>
		</Layers>
		<Frames>
			<Button parentKey="closeButton" inherits="UIPanelCloseButton">
				<Anchors>
					<Anchor point="TOPRIGHT" relativeKey="$parent.topRightCorner" x="0" y="-2"/>
				</Anchors>
				<Scripts>
					<OnClick>
						self:GetParent():Hide();
					</OnClick>
				</Scripts>
			</Button>
			<ScrollFrame name="$parentContainer" parentKey="Container" inherits="HybridScrollFrameTemplate">
				<Anchors>
					<Anchor point="TOPLEFT" relativeKey="$parent.topLeftCorner2" x="9" y="-8"/> <!-- Changed x value to align properly compared to Blizzard, originally 4 -->
					<Anchor point="BOTTOMRIGHT" relativeKey="$parent.bottomRightCorner" x="-24" y="8"/>
				</Anchors>
				<Frames>
					<Slider name="$parentScrollBar" parentKey="ScrollBar" inherits="HybridScrollBarTrimTemplate">
						<Anchors>
							<Anchor point="TOPLEFT" relativePoint="TOPRIGHT" x="0" y="-16"/>
							<Anchor point="BOTTOMLEFT" relativePoint="BOTTOMRIGHT" x="0" y="14"/>
						</Anchors>
						<Scripts>
							<OnLoad>
								self.trackBG:Show();
								self.trackBG:SetVertexColor(0, 0, 0, 1);
							</OnLoad>
						</Scripts>
					</Slider>
				</Frames>
			</ScrollFrame>
		</Frames>
		<Scripts>
			<OnShow>
				--always on top
				self:SetFrameLevel(self:GetParent():GetFrameLevel()+10);
				PlaySound(SOUNDKIT.IG_SPELLBOOK_OPEN);
			</OnShow>
			<OnHide>
				PlaySound(SOUNDKIT.IG_SPELLBOOK_CLOSE);
			</OnHide>
		</Scripts>
	</Frame>

    <!-- Originally from Blizzard_AchievementUI.xml line 66 at time of writing -->
	<Button name="KrowiAF_FullSearchResultButton_Template" virtual="true">
		<Size x="575" y="49"/>
		<Layers>
			<Layer level="OVERLAY" textureSubLevel="2">
				<Texture parentKey="iconFrame" atlas="search-iconframe-large">
					<Size x="38" y="38"/>
					<Anchors>
						<Anchor point="LEFT" x="10" y="0"/>
					</Anchors>
				</Texture>
			</Layer>
			<Layer level="OVERLAY">
				<Texture file="Interface\Icons\Ability_ThunderClap" parentKey="icon">
					<Anchors>
						<Anchor point="TOPLEFT" relativeKey="$parent.iconFrame" x="1" y="-2"/>
						<Anchor point="BOTTOMRIGHT" relativeKey="$parent.iconFrame" x="-1" y="1"/>
					</Anchors>
				</Texture>
				<FontString inherits="GameFontNormalLarge" justifyH="LEFT" parentKey="name" text="ACHIEVEMENT">
					<Size x="400" y="12"/>
					<Anchors>
						<Anchor point="TOPLEFT" relativeKey="$parent.icon" relativePoint="TOPRIGHT" x="10" y="0"/>
					</Anchors>
					<Color r="0.96875" g="0.8984375" b="0.578125" a="1"/>
				</FontString>
				<FontString inherits="GameFontNormal" justifyH="LEFT" parentKey="path" text="ACHIEVEMENT">
					<Size x="400" y="0"/>
					<Anchors>
						<Anchor point="TOPLEFT" relativeKey="$parent.name" relativePoint="BOTTOMLEFT" x="0" y="-7"/>
					</Anchors>
					<Color r="0.66796875" g="0.51171875" b="0.3359375" a="1"/>
				</FontString>
				<FontString inherits="GameFontNormal" justifyH="RIGHT" parentKey="resultType" text="ACHIEVEMENT">
					<Size x="140" y="0"/>
					<Anchors>
						<Anchor point="RIGHT" x="-14" y="0"/>
					</Anchors>
					<Color r="0.66796875" g="0.51171875" b="0.3359375" a="1"/>
				</FontString>
			</Layer>
		</Layers>
		<NormalTexture inherits="_SearchBarLg">
		</NormalTexture>
		<PushedTexture inherits="_SearchBarLg">
		</PushedTexture>
		<HighlightTexture atlas="search-highlight-large">
		</HighlightTexture>
		<!-- OnClick is set in code -->
	</Button>

</Ui>