<Ui xmlns="http://www.blizzard.com/wow/ui/" xmlns:xsi="http://www.w3.org/2001/XMLSchema-instance" xsi:schemaLocation="http://www.blizzard.com/wow/ui/ ..\..\FrameXML\UI.xsd">
    
    <!-- Used for the icon only -->
    <Script file="Libs\Libs.lua" />

    <Include file="Libs\AceLocale-3.0\AceLocale-3.0.xml" />
    <Include file="Libs\AceDB-3.0\AceDB-3.0.xml" />
    <Include file="Libs\AceGUI-3.0\AceGUI-3.0.xml" />
    <Include file="Libs\AceConfig-3.0\AceConfig-3.0.xml" />

    <Script file="Libs\MetaLua\MetaLua.lua" />
    <Script file="Libs\LibStub\LibStub.lua" />
    <Script file="Libs\CallbackHandler-1.0\CallbackHandler-1.0.lua" />
    <Script file="Libs\LibDataBroker-1.1\LibDataBroker-1.1.lua" />
    <Script file="Libs\LibDBIcon-1.0\LibDBIcon-1.0.lua" />
    
    <Include file="Libs\KrowiPopopDialog-1.0\KrowiPopopDialog-1.0.xml" />
    <Include file="Libs\KrowiTutorials-1.0\KrowiTutorials-1.0.xml" />
    <Include file="Libs\KrowiRightClickMenu-1.0\KrowiRightClickMenu-1.0.xml" />
    
</Ui>